SE folder,Model,Train sample size,Error distance (50%) mm,Error distance (90%) mm,Error distance (95%) mm,Error distance (99%) mm,Error distance (avg) mm,Error std mm,oks mAP,Dataset
sample_efficiency_plantwise_split_rice_10do_main,sample_efficiency_plantwise_split_rice_10do_main\n=0005.rep=0\models\230509_095534.multi_instance.n=72,5,5.840287393896275,22.01103951828111,28.11637147316085,38.81465722139983,8.990235478562699,9.24708022307368,0.0004598444395001297,"Rice (10 DAG, crown)"
sample_efficiency_plantwise_split_rice_10do_main,sample_efficiency_plantwise_split_rice_10do_main\n=0005.rep=1\models\230509_100520.multi_instance.n=72,5,5.776291783851598,17.911290214068078,24.344115158581744,39.56279299951184,8.01731648586672,8.080300442968491,6.875687568756875e-05,"Rice (10 DAG, crown)"
sample_efficiency_plantwise_split_rice_10do_main,sample_efficiency_plantwise_split_rice_10do_main\n=0005.rep=2\models\230509_101534.multi_instance.n=72,5,6.318596513478067,23.214482234900167,30.787018702638527,44.47800289633678,9.65219292046347,9.999640305194847,0.00027002700270027,"Rice (10 DAG, crown)"
sample_efficiency_plantwise_split_rice_10do_main,sample_efficiency_plantwise_split_rice_10do_main\n=0010.rep=0\models\230509_102517.multi_instance.n=77,10,4.3932766275406605,17.05180314849139,23.90601453211383,36.45613202702203,7.03485455559012,7.586309691004907,0.0026726704952094987,"Rice (10 DAG, crown)"
sample_efficiency_plantwise_split_rice_10do_main,sample_efficiency_plantwise_split_rice_10do_main\n=0010.rep=1\models\230509_103442.multi_instance.n=77,10,5.139487912153505,18.008918311809403,24.390375578492794,37.82705319402937,7.648732910380138,7.988501331435371,0.0007904502638313268,"Rice (10 DAG, crown)"
sample_efficiency_plantwise_split_rice_10do_main,sample_efficiency_plantwise_split_rice_10do_main\n=0010.rep=2\models\230509_104502.multi_instance.n=77,10,5.084829035138308,18.89650177289823,26.334282607889143,39.66199937356437,7.941524494791836,8.705819294936799,0.0007896068505242914,"Rice (10 DAG, crown)"
sample_efficiency_plantwise_split_rice_10do_main,sample_efficiency_plantwise_split_rice_10do_main\n=0020.rep=0\models\230509_105413.multi_instance.n=87,20,4.134511323510744,18.706611677255076,26.486053604929353,40.215052123389526,7.302067670655016,8.683720168709069,0.0020202119771072545,"Rice (10 DAG, crown)"
sample_efficiency_plantwise_split_rice_10do_main,sample_efficiency_plantwise_split_rice_10do_main\n=0020.rep=1\models\230509_110249.multi_instance.n=87,20,4.206181755735564,18.29802991734609,24.651228765118294,39.84687310605408,7.246063081466858,8.4027196312597,0.0023061288637616496,"Rice (10 DAG, crown)"
sample_efficiency_plantwise_split_rice_10do_main,sample_efficiency_plantwise_split_rice_10do_main\n=0020.rep=2\models\230509_111132.multi_instance.n=87,20,3.6755411938265588,16.164092029381216,22.482953650084102,37.134085488702475,6.401117955148038,7.767295736109918,0.003438797829315719,"Rice (10 DAG, crown)"
sample_efficiency_plantwise_split_rice_10do_main,sample_efficiency_plantwise_split_rice_10do_main\n=0050.rep=0\models\230509_112027.multi_instance.n=117,50,3.0890648931110833,16.278997042287166,23.461706340608607,36.861741362468585,6.095290421753127,7.951318847797494,0.008870752390898892,"Rice (10 DAG, crown)"
sample_efficiency_plantwise_split_rice_10do_main,sample_efficiency_plantwise_split_rice_10do_main\n=0050.rep=1\models\230509_112943.multi_instance.n=117,50,3.4121932925326552,16.832226117257242,24.742753798468133,39.03192233291071,6.440971868685305,8.269917524732762,0.006002909354836719,"Rice (10 DAG, crown)"
sample_efficiency_plantwise_split_rice_10do_main,sample_efficiency_plantwise_split_rice_10do_main\n=0050.rep=2\models\230509_114015.multi_instance.n=117,50,3.406640629081707,16.75620089745105,23.121405399005585,37.95144060986294,6.296685987093723,7.811574989468107,0.006696652697529133,"Rice (10 DAG, crown)"
sample_efficiency_plantwise_split_rice_10do_main,sample_efficiency_plantwise_split_rice_10do_main\n=0100.rep=0\models\230509_115025.multi_instance.n=167,100,2.471555716955144,13.852537639627418,19.356929780655722,35.39508370803649,5.116360022990059,7.242764974919482,0.010993954810654634,"Rice (10 DAG, crown)"
sample_efficiency_plantwise_split_rice_10do_main,sample_efficiency_plantwise_split_rice_10do_main\n=0100.rep=1\models\230509_120037.multi_instance.n=167,100,2.6758452466295832,15.107281418068569,21.43843005446172,39.63485541620962,5.647208020636936,7.918308642229381,0.008794467190972747,"Rice (10 DAG, crown)"
sample_efficiency_plantwise_split_rice_10do_main,sample_efficiency_plantwise_split_rice_10do_main\n=0100.rep=2\models\230509_121240.multi_instance.n=167,100,2.5439361691457436,14.983172824393469,21.17829326867243,35.02093022237355,5.440705027864677,7.50569814907819,0.017050487373629908,"Rice (10 DAG, crown)"
sample_efficiency_plantwise_split_rice_10do_main,sample_efficiency_plantwise_split_rice_10do_main\n=0200.rep=0\models\230509_122404.multi_instance.n=267,200,2.409711546260007,12.377266492878084,19.808572032953336,38.295996040956005,4.941356300957055,7.27871610153888,0.01357745125352402,"Rice (10 DAG, crown)"
sample_efficiency_plantwise_split_rice_10do_main,sample_efficiency_plantwise_split_rice_10do_main\n=0200.rep=1\models\230509_123941.multi_instance.n=267,200,2.540424826905815,15.16346978113921,21.444386444915892,38.56834766188507,5.57900436996487,7.836465965666716,0.012561031478887057,"Rice (10 DAG, crown)"
sample_efficiency_plantwise_split_rice_10do_main,sample_efficiency_plantwise_split_rice_10do_main\n=0200.rep=2\models\230509_125416.multi_instance.n=267,200,2.3891914920113124,12.656298427999872,19.941812831017277,38.15218351516239,4.881900894612558,7.338078966953991,0.010963351475495776,"Rice (10 DAG, crown)"
sample_efficiency_plantwise_split_rice_10do_main,sample_efficiency_plantwise_split_rice_10do_main\n=0300.rep=0\models\230509_130829.multi_instance.n=367,300,2.335341986945831,13.296962013622828,21.04279024729209,37.00089327261917,5.047660603090503,7.5981216397038285,0.01650837680310986,"Rice (10 DAG, crown)"
sample_efficiency_plantwise_split_rice_10do_main,sample_efficiency_plantwise_split_rice_10do_main\n=0300.rep=1\models\230509_132514.multi_instance.n=367,300,2.3782604018247366,15.03216900008021,21.972363681859566,39.49028387753738,5.4779599729666435,8.043105632922657,0.009635482824822694,"Rice (10 DAG, crown)"
sample_efficiency_plantwise_split_rice_10do_main,sample_efficiency_plantwise_split_rice_10do_main\n=0300.rep=2\models\230509_134120.multi_instance.n=367,300,2.1616080503557993,13.9611503154721,21.576110437574346,36.225605623688935,5.043151395268906,7.582974265259702,0.017733025526062613,"Rice (10 DAG, crown)"
sample_efficiency_plantwise_split_rice_10do_main,sample_efficiency_plantwise_split_rice_10do_main\n=0400.rep=0\models\230509_135731.multi_instance.n=467,400,2.154138863319877,12.328913411765354,18.536696541466405,34.837654850678184,4.575802086403591,7.121882447480501,0.015122495122265244,"Rice (10 DAG, crown)"
sample_efficiency_plantwise_split_rice_10do_main,sample_efficiency_plantwise_split_rice_10do_main\n=0400.rep=1\models\230509_141338.multi_instance.n=467,400,2.0670922671871197,12.57831985448226,20.70254511184372,35.61633326100725,4.769904545963079,7.104534120768579,0.017750743614243288,"Rice (10 DAG, crown)"
sample_efficiency_plantwise_split_rice_10do_main,sample_efficiency_plantwise_split_rice_10do_main\n=0400.rep=2\models\230509_143134.multi_instance.n=467,400,2.2274423482709818,13.304175416359378,20.62496073907013,35.754751162892276,4.973607766630866,7.345218214475203,0.015234904523685519,"Rice (10 DAG, crown)"
sample_efficiency_plantwise_split_rice_10do_main,sample_efficiency_plantwise_split_rice_10do_main\n=0500.rep=0\models\230509_145036.multi_instance.n=529,500,1.9269868026406818,12.818429038927906,20.40027863999411,32.99151480606968,4.608164395692978,6.958121095918138,0.01858437091422666,"Rice (10 DAG, crown)"
sample_efficiency_plantwise_split_rice_10do_main,sample_efficiency_plantwise_split_rice_10do_main\n=0500.rep=1\models\230509_150700.multi_instance.n=529,500,2.0691658374190824,13.261604664914927,20.561956083690045,35.02980023725923,4.820977652309788,7.286327740105225,0.017784969684323516,"Rice (10 DAG, crown)"
sample_efficiency_plantwise_split_rice_10do_main,sample_efficiency_plantwise_split_rice_10do_main\n=0500.rep=2\models\230509_152428.multi_instance.n=529,500,2.082171815320981,13.13437720671642,20.42413621987695,40.08418892824991,4.8552203117530945,7.735626039751727,0.01714741587244343,"Rice (10 DAG, crown)"
sample_efficiency_plantwise_split_rice_3do_long,sample_efficiency_plantwise_split_rice_3do_long\n=0005.rep=0\models\230328_102903.multi_instance.n=51,5,2.730629551998945,7.381741920246135,9.114944097712614,12.965756507674529,3.445220526521175,2.911734827163053,0.0,"Rice (3 DAG, primary)"
sample_efficiency_plantwise_split_rice_3do_long,sample_efficiency_plantwise_split_rice_3do_long\n=0005.rep=1\models\230328_104608.multi_instance.n=51,5,2.0334447311748303,6.945215593816008,8.122394071177276,11.912115935944087,2.966943135460884,2.643828628986342,0.01869196236393826,"Rice (3 DAG, primary)"
sample_efficiency_plantwise_split_rice_3do_long,sample_efficiency_plantwise_split_rice_3do_long\n=0005.rep=2\models\230328_105714.multi_instance.n=51,5,2.3797470303283905,5.494463975151326,7.270182289002741,9.725235369526205,2.8180396517163504,2.1838833568225873,0.0037023702370237023,"Rice (3 DAG, primary)"
sample_efficiency_plantwise_split_rice_3do_long,sample_efficiency_plantwise_split_rice_3do_long\n=0010.rep=0\models\230328_112612.multi_instance.n=56,10,1.6839107440428929,4.248085367572282,5.1141456723047325,6.780595198107254,2.092184281931996,1.5699280248124348,0.027770566227129628,"Rice (3 DAG, primary)"
sample_efficiency_plantwise_split_rice_3do_long,sample_efficiency_plantwise_split_rice_3do_long\n=0010.rep=1\models\230328_113612.multi_instance.n=56,10,1.1953307473649726,3.98002375098687,4.866142087942552,7.213044111073474,1.774173973139871,1.5610569555757554,0.01625217080988148,"Rice (3 DAG, primary)"
sample_efficiency_plantwise_split_rice_3do_long,sample_efficiency_plantwise_split_rice_3do_long\n=0010.rep=2\models\230328_120022.multi_instance.n=56,10,1.562825630442677,4.37384269998885,5.267172634584116,7.372852930330096,1.9794171061226151,1.6856136722282054,0.02011506606031941,"Rice (3 DAG, primary)"
sample_efficiency_plantwise_split_rice_3do_long,sample_efficiency_plantwise_split_rice_3do_long\n=0020.rep=0\models\230328_122018.multi_instance.n=66,20,1.104029491525332,2.828587191172646,3.424702915132532,4.874531492582852,1.4115775047624,1.4644927589628907,0.040214966732932435,"Rice (3 DAG, primary)"
sample_efficiency_plantwise_split_rice_3do_long,sample_efficiency_plantwise_split_rice_3do_long\n=0020.rep=1\models\230329_082946.multi_instance.n=66,20,1.2466479171740261,3.816973956901696,4.780852414275008,6.572238627441864,1.6732702625118647,1.4635191543534405,0.022725021766642175,"Rice (3 DAG, primary)"
sample_efficiency_plantwise_split_rice_3do_long,sample_efficiency_plantwise_split_rice_3do_long\n=0020.rep=2\models\230329_104821.multi_instance.n=66,20,1.4302061261019445,3.4580478476082277,3.86177399066209,5.160931955049874,1.6648197673951308,1.2536507149824436,0.034439729687254436,"Rice (3 DAG, primary)"
sample_efficiency_plantwise_split_rice_3do_long,sample_efficiency_plantwise_split_rice_3do_long\n=0050.rep=0\models\230329_170108.multi_instance.n=96,50,0.9912556016194584,2.7910313142679066,3.3635110509612325,4.245317344538557,1.3084553483540748,1.0049231757364907,0.047712635850482826,"Rice (3 DAG, primary)"
sample_efficiency_plantwise_split_rice_3do_long,sample_efficiency_plantwise_split_rice_3do_long\n=0050.rep=1\models\230403_162719.multi_instance.n=96,50,0.8781391778019748,2.61496141921461,3.3934888727928065,4.721910037120395,1.177136833912517,1.0334033913266358,0.11320829932142125,"Rice (3 DAG, primary)"
sample_efficiency_plantwise_split_rice_3do_long,sample_efficiency_plantwise_split_rice_3do_long\n=0050.rep=2\models\230404_115603.multi_instance.n=96,50,0.854536645447788,2.274866286627035,2.7982148801705606,5.075691370175943,1.1259869167707313,0.9803600135823792,0.14175835962844724,"Rice (3 DAG, primary)"
sample_efficiency_plantwise_split_rice_3do_long,sample_efficiency_plantwise_split_rice_3do_long\n=0100.rep=0\models\230404_132928.multi_instance.n=146,100,0.7738320363701942,2.0320496191115724,2.3205772889365988,3.4943295219460406,0.970231765693702,0.7904870731059217,0.15623446142159897,"Rice (3 DAG, primary)"
sample_efficiency_plantwise_split_rice_3do_long,sample_efficiency_plantwise_split_rice_3do_long\n=0100.rep=1\models\230404_181736.multi_instance.n=146,100,0.7752870653148429,2.435098871637945,3.208642166561077,4.673556891752085,1.1037899452818014,1.0582070168381568,0.15884842378083397,"Rice (3 DAG, primary)"
sample_efficiency_plantwise_split_rice_3do_long,sample_efficiency_plantwise_split_rice_3do_long\n=0100.rep=2\models\230404_204454.multi_instance.n=146,100,0.7877345099696474,2.229349611078555,2.7411588876569537,3.678330872560151,1.0235239546033248,0.8815824936113541,0.1679389220293085,"Rice (3 DAG, primary)"
sample_efficiency_plantwise_split_rice_3do_long,sample_efficiency_plantwise_split_rice_3do_long\n=0200.rep=0\models\230404_211643.multi_instance.n=246,200,0.6564331459166237,1.9830988414879573,2.3833328508390945,3.945869713224757,0.8875912651573891,0.81597838378719,0.23416059645913395,"Rice (3 DAG, primary)"
sample_efficiency_plantwise_split_rice_3do_long,sample_efficiency_plantwise_split_rice_3do_long\n=0200.rep=1\models\230404_213956.multi_instance.n=246,200,0.6693905086441717,2.187348195661983,2.617584199876818,4.029570549552172,0.9234942397522516,0.8565689797168757,0.20997379468059446,"Rice (3 DAG, primary)"
sample_efficiency_plantwise_split_rice_3do_long,sample_efficiency_plantwise_split_rice_3do_long\n=0200.rep=2\models\230404_224559.multi_instance.n=246,200,0.7282957149910912,2.0267254056290818,2.8666770439191707,4.155202383774113,0.9666113218495322,0.8844701215201758,0.18833609686301003,"Rice (3 DAG, primary)"
sample_efficiency_plantwise_split_rice_3do_long,sample_efficiency_plantwise_split_rice_3do_long\n=0400.rep=0\models\230405_090229.multi_instance.n=446,400,0.5309386889853867,1.9286509006281178,2.309662635395822,3.235047831458825,0.8134845945014736,0.8010453392443282,0.24442207908661656,"Rice (3 DAG, primary)"
sample_efficiency_plantwise_split_rice_3do_long,sample_efficiency_plantwise_split_rice_3do_long\n=0400.rep=1\models\230405_102206.multi_instance.n=446,400,0.5848102450241022,1.9917678234947127,2.683853331936409,3.5291826060679474,0.8495531913872449,0.8333877406247157,0.262532139450896,"Rice (3 DAG, primary)"
sample_efficiency_plantwise_split_rice_3do_long,sample_efficiency_plantwise_split_rice_3do_long\n=0400.rep=2\models\230405_104503.multi_instance.n=446,400,0.5537487939180732,1.8846374967804609,2.390030251838015,3.33246776051112,0.8359571887339267,0.793990990138693,0.22598936272538722,"Rice (3 DAG, primary)"
sample_efficiency_plantwise_split_rice_3do_long,sample_efficiency_plantwise_split_rice_3do_long\n=0600.rep=0\models\230405_121610.multi_instance.n=646,600,0.5722906966771711,1.8768265452388242,2.312732088416262,3.2809675220521806,0.8215827797687592,0.7500043509122907,0.2659624463410073,"Rice (3 DAG, primary)"
sample_efficiency_plantwise_split_rice_3do_long,sample_efficiency_plantwise_split_rice_3do_long\n=0600.rep=1\models\230405_164845.multi_instance.n=646,600,0.57357159665053,1.698888506259037,2.3083955188272007,3.3502158243021882,0.7956337749358744,0.7600557624183202,0.26267562912859177,"Rice (3 DAG, primary)"
sample_efficiency_plantwise_split_rice_3do_long,sample_efficiency_plantwise_split_rice_3do_long\n=0600.rep=2\models\230406_092401.multi_instance.n=646,600,0.5799963516287585,1.799368736023325,2.2271570506219818,3.5792863937522092,0.8051617739247453,0.7812760395633092,0.2805963237803107,"Rice (3 DAG, primary)"
sample_efficiency_plantwise_split_rice_3do_main,sample_efficiency_plantwise_split_rice_3do_main\n=0005.rep=0\models\230418_160059.multi_instance.n=100,5,2.231637243772741,12.160896884263444,19.922385203979417,49.0640958416455,5.246106275039298,8.766923454108086,0.0005951526829701604,"Rice (3 DAG, crown)"
sample_efficiency_plantwise_split_rice_3do_main,sample_efficiency_plantwise_split_rice_3do_main\n=0005.rep=1\models\230418_162540.multi_instance.n=100,5,2.2179208282801794,11.755109383937148,20.670208385660843,45.11459227333289,5.206353422655228,8.452858869854643,0.0005657708628005657,"Rice (3 DAG, crown)"
sample_efficiency_plantwise_split_rice_3do_main,sample_efficiency_plantwise_split_rice_3do_main\n=0005.rep=2\models\230418_173333.multi_instance.n=100,5,2.6668173457324396,20.223948844629163,32.35764264896531,51.36127376898831,7.309441713310628,10.837334542082921,0.0008207399687337154,"Rice (3 DAG, crown)"
sample_efficiency_plantwise_split_rice_3do_main,sample_efficiency_plantwise_split_rice_3do_main\n=0010.rep=0\models\230418_182056.multi_instance.n=105,10,2.0284755424068335,13.655813353004728,24.225014625860858,50.04574418950382,5.583970593013578,9.253776137331817,0.0025207693183111413,"Rice (3 DAG, crown)"
sample_efficiency_plantwise_split_rice_3do_main,sample_efficiency_plantwise_split_rice_3do_main\n=0010.rep=1\models\230419_113022.multi_instance.n=105,10,2.376536318494602,11.494523857810467,22.305303193842192,44.30547927552636,5.128236896453804,8.410467035027876,0.003202490980805398,"Rice (3 DAG, crown)"
sample_efficiency_plantwise_split_rice_3do_main,sample_efficiency_plantwise_split_rice_3do_main\n=0010.rep=2\models\230419_135124.multi_instance.n=105,10,1.8928247263828042,9.723082619927126,19.222135836977678,48.00849054851291,4.615245184824124,8.682166048166218,0.003734044364623816,"Rice (3 DAG, crown)"
sample_efficiency_plantwise_split_rice_3do_main,sample_efficiency_plantwise_split_rice_3do_main\n=0020.rep=0\models\230420_105210.multi_instance.n=115,20,1.3398411139429904,9.878434964098302,21.11893659374088,45.972624702054425,4.261129036300615,8.248081908732694,0.008041465798724882,"Rice (3 DAG, crown)"
sample_efficiency_plantwise_split_rice_3do_main,sample_efficiency_plantwise_split_rice_3do_main\n=0020.rep=1\models\230420_113946.multi_instance.n=115,20,1.2110054296922543,7.533813326377775,11.844054934588394,40.74890715737544,3.3303205373664166,6.668436450531506,0.004178434528641883,"Rice (3 DAG, crown)"
sample_efficiency_plantwise_split_rice_3do_main,sample_efficiency_plantwise_split_rice_3do_main\n=0020.rep=2\models\230420_120859.multi_instance.n=115,20,1.2075980388780236,7.8290295976525135,17.741759269525524,45.114457119779324,3.816037558110281,8.012211876385468,0.005980113011550778,"Rice (3 DAG, crown)"
sample_efficiency_plantwise_split_rice_3do_main,sample_efficiency_plantwise_split_rice_3do_main\n=0050.rep=0\models\230420_125023.multi_instance.n=145,50,0.9161335348923839,9.204670034251846,20.77951800130385,48.26658717583802,3.7409603565740595,8.760479489051846,0.02150239332348435,"Rice (3 DAG, crown)"
sample_efficiency_plantwise_split_rice_3do_main,sample_efficiency_plantwise_split_rice_3do_main\n=0050.rep=1\models\230420_131249.multi_instance.n=145,50,1.147210582163202,13.174063194295996,29.653654464529946,50.23839373515515,4.881960308692645,10.151080381947306,0.009019283003783133,"Rice (3 DAG, crown)"
sample_efficiency_plantwise_split_rice_3do_main,sample_efficiency_plantwise_split_rice_3do_main\n=0050.rep=2\models\230420_143903.multi_instance.n=145,50,1.4080944990242945,12.76049752822624,26.020871908694158,48.63261516167728,4.928446519032542,9.327688604376117,0.009204397215465962,"Rice (3 DAG, crown)"
sample_efficiency_plantwise_split_rice_3do_main,sample_efficiency_plantwise_split_rice_3do_main\n=0100.rep=0\models\230420_180624.multi_instance.n=195,100,0.8936768524504128,6.887477872865853,13.593640383853138,41.94102836646653,3.070002580725004,7.26198648570865,0.027918603651074472,"Rice (3 DAG, crown)"
sample_efficiency_plantwise_split_rice_3do_main,sample_efficiency_plantwise_split_rice_3do_main\n=0100.rep=1\models\230421_100621.multi_instance.n=195,100,0.8666558101726626,8.239345018952276,23.973186138244092,49.87986435751384,3.898075427461116,9.447709106086526,0.025977073794108758,"Rice (3 DAG, crown)"
sample_efficiency_plantwise_split_rice_3do_main,sample_efficiency_plantwise_split_rice_3do_main\n=0100.rep=2\models\230421_143526.multi_instance.n=195,100,0.8384751083955506,6.849670091809598,15.754054728933967,48.878019584546294,3.394937626744169,8.6327902510365,0.024544957057214534,"Rice (3 DAG, crown)"
sample_efficiency_plantwise_split_rice_3do_main,sample_efficiency_plantwise_split_rice_3do_main\n=0200.rep=0\models\230421_151130.multi_instance.n=295,200,0.7367904427170439,3.677871645120426,7.6258697626613206,30.60026886954372,2.0602968641880897,5.500891625037435,0.04113767173694277,"Rice (3 DAG, crown)"
sample_efficiency_plantwise_split_rice_3do_main,sample_efficiency_plantwise_split_rice_3do_main\n=0200.rep=1\models\230421_153235.multi_instance.n=295,200,0.794481680655509,10.055209590671936,27.445021847005613,50.92633524607735,4.211218140037307,10.102716051968509,0.03506601856077211,"Rice (3 DAG, crown)"
sample_efficiency_plantwise_split_rice_3do_main,sample_efficiency_plantwise_split_rice_3do_main\n=0200.rep=2\models\230421_160636.multi_instance.n=295,200,0.7315499819709846,4.407604852606433,10.745932882403098,40.597557287495206,2.6437748428576398,6.792930919573771,0.048196133732546886,"Rice (3 DAG, crown)"
sample_efficiency_plantwise_split_rice_3do_main,sample_efficiency_plantwise_split_rice_3do_main\n=0400.rep=0\models\230421_171110.multi_instance.n=495,400,0.7412686199102979,6.277520280830044,14.790728249312043,46.14807813814583,3.061537829436215,7.981023639494755,0.03967159680445138,"Rice (3 DAG, crown)"
sample_efficiency_plantwise_split_rice_3do_main,sample_efficiency_plantwise_split_rice_3do_main\n=0400.rep=1\models\230424_181005.multi_instance.n=495,400,0.6126088521129519,3.573687203656157,9.476937080224213,35.65816376004304,2.159383993917585,5.9500266952804415,0.06455893064051928,"Rice (3 DAG, crown)"
sample_efficiency_plantwise_split_rice_3do_main,sample_efficiency_plantwise_split_rice_3do_main\n=0400.rep=2\models\230425_120757.multi_instance.n=495,400,0.7317853248994242,9.608319645477991,21.537251485616462,50.38765481930447,3.6705781650417255,9.097748121623837,0.05486686000693813,"Rice (3 DAG, crown)"
sample_efficiency_plantwise_split_rice_3do_main,sample_efficiency_plantwise_split_rice_3do_main\n=0600.rep=0\models\230425_160904.multi_instance.n=695,600,0.6271380954690092,4.053095864712266,9.840104107814515,35.371675680480955,2.2612718192691,6.0696345383961,0.07230316355059858,"Rice (3 DAG, crown)"
sample_efficiency_plantwise_split_rice_3do_main,sample_efficiency_plantwise_split_rice_3do_main\n=0600.rep=1\models\230425_164832.multi_instance.n=695,600,0.612743952449055,4.172452433786368,9.4422517925129,40.32467196774465,2.400864438964281,6.748176216706201,0.06556877603957766,"Rice (3 DAG, crown)"
sample_efficiency_plantwise_split_rice_3do_main,sample_efficiency_plantwise_split_rice_3do_main\n=0600.rep=2\models\230425_184758.multi_instance.n=695,600,0.6048355832405827,3.34728051145233,8.602739134006136,35.75801296462005,2.158290625437638,6.058760941273654,0.07166022336793174,"Rice (3 DAG, crown)"
sample_efficiency_plantwise_split_rice_3do_main,sample_efficiency_plantwise_split_rice_3do_main\n=0700.rep=0\models\230426_110846.multi_instance.n=795,700,0.5467304389856269,6.1322348220932446,19.979408933003924,48.35958654350054,3.2111598092819564,8.653009000837677,0.07376145736550184,"Rice (3 DAG, crown)"
sample_efficiency_plantwise_split_rice_3do_main,sample_efficiency_plantwise_split_rice_3do_main\n=0700.rep=1\models\230426_143855.multi_instance.n=795,700,0.6721102437433797,5.01132700851904,10.548451776622894,43.5634746515587,2.6482696123154814,7.137639626000306,0.06011439790032903,"Rice (3 DAG, crown)"
sample_efficiency_plantwise_split_rice_3do_main,sample_efficiency_plantwise_split_rice_3do_main\n=0700.rep=2\models\230427_092022.multi_instance.n=795,700,0.692647337750463,4.613503746575651,9.19242140154652,40.22929932144745,2.392383485939977,6.623441446099484,0.07426252820565231,"Rice (3 DAG, crown)"
sample_efficiency_plantwise_split_soy_lr,sample_efficiency_plantwise_split_soy_lr\n=0005.rep=0\models\230508_165340.multi_instance.n=65,5,0.784646301155517,10.379661101300107,16.741258059552873,31.936881219037815,3.294075133964828,6.3680636196827,0.00044257057284675835,"Soybean (5-8 DAG, lateral)"
sample_efficiency_plantwise_split_soy_lr,sample_efficiency_plantwise_split_soy_lr\n=0005.rep=1\models\230508_171758.multi_instance.n=65,5,1.3045243827909356,15.041949757045705,24.92386922035798,41.574013306312445,5.212556245109348,8.917595948034853,0.0013159540410275603,"Soybean (5-8 DAG, lateral)"
sample_efficiency_plantwise_split_soy_lr,sample_efficiency_plantwise_split_soy_lr\n=0005.rep=2\models\230508_173404.multi_instance.n=65,5,1.9628320720894332,18.222486651922903,24.663313648509735,39.62064631873,6.043218135845055,9.178505100664415,0.0004140399345069066,"Soybean (5-8 DAG, lateral)"
sample_efficiency_plantwise_split_soy_lr,sample_efficiency_plantwise_split_soy_lr\n=0010.rep=0\models\230508_174523.multi_instance.n=70,10,0.7113002132609749,10.01468869518913,18.127029864316366,29.731170551080535,3.3686961400359277,6.4256073824271525,0.003163211536006371,"Soybean (5-8 DAG, lateral)"
sample_efficiency_plantwise_split_soy_lr,sample_efficiency_plantwise_split_soy_lr\n=0010.rep=1\models\230508_175755.multi_instance.n=70,10,1.2028061452574672,13.36869309805989,20.567195999124262,39.89861898508775,4.583762268309736,8.18652020882917,0.0020481953530981324,"Soybean (5-8 DAG, lateral)"
sample_efficiency_plantwise_split_soy_lr,sample_efficiency_plantwise_split_soy_lr\n=0010.rep=2\models\230508_180655.multi_instance.n=70,10,0.930097023103995,11.18501447319931,18.932705002241825,35.887469486394984,3.9555752562805324,7.287692226693622,0.002519932912376871,"Soybean (5-8 DAG, lateral)"
sample_efficiency_plantwise_split_soy_lr,sample_efficiency_plantwise_split_soy_lr\n=0020.rep=0\models\230508_181736.multi_instance.n=80,20,0.7286638248242246,10.417243314574685,18.241899543717693,36.48786314859025,3.5371493905664777,7.187670327380594,0.003950110450728913,"Soybean (5-8 DAG, lateral)"
sample_efficiency_plantwise_split_soy_lr,sample_efficiency_plantwise_split_soy_lr\n=0020.rep=1\models\230508_183502.multi_instance.n=80,20,0.6819203881691063,10.045502438861979,17.596683905217333,35.886482769135,3.5401935656613834,7.15342933161071,0.004078211548233068,"Soybean (5-8 DAG, lateral)"
sample_efficiency_plantwise_split_soy_lr,sample_efficiency_plantwise_split_soy_lr\n=0020.rep=2\models\230508_184447.multi_instance.n=80,20,0.551146435258645,8.216049882858483,15.724181623608965,33.77237719599379,2.9486632677296423,6.552403416933651,0.008948423483117895,"Soybean (5-8 DAG, lateral)"
sample_efficiency_plantwise_split_soy_lr,sample_efficiency_plantwise_split_soy_lr\n=0050.rep=0\models\230508_185958.multi_instance.n=110,50,0.4683176070317216,6.768908072865287,14.586684863941052,31.661710906553978,2.6359924122861464,6.307182054453745,0.00956961564251818,"Soybean (5-8 DAG, lateral)"
sample_efficiency_plantwise_split_soy_lr,sample_efficiency_plantwise_split_soy_lr\n=0050.rep=1\models\230508_191333.multi_instance.n=110,50,0.46282780006373336,7.253129029597892,15.15813099566703,35.23503642055944,2.873756562193128,7.166836215178733,0.012805348236058446,"Soybean (5-8 DAG, lateral)"
sample_efficiency_plantwise_split_soy_lr,sample_efficiency_plantwise_split_soy_lr\n=0050.rep=2\models\230508_192836.multi_instance.n=110,50,0.4707133825570307,7.477214826866548,14.168229627411462,31.84385874651228,2.718246086004422,6.05552632820746,0.012535274392555862,"Soybean (5-8 DAG, lateral)"
sample_efficiency_plantwise_split_soy_lr,sample_efficiency_plantwise_split_soy_lr\n=0100.rep=0\models\230508_194146.multi_instance.n=160,100,0.38836130433972615,7.537945728902663,16.121280101402576,39.53437564695701,2.8596720125488866,7.704202557284193,0.011136258044795583,"Soybean (5-8 DAG, lateral)"
sample_efficiency_plantwise_split_soy_lr,sample_efficiency_plantwise_split_soy_lr\n=0100.rep=1\models\230508_195924.multi_instance.n=160,100,0.35997375468103143,5.438451429353278,12.772663802538277,30.119599621180708,2.293423825233331,5.840475348414837,0.01659694877202128,"Soybean (5-8 DAG, lateral)"
sample_efficiency_plantwise_split_soy_lr,sample_efficiency_plantwise_split_soy_lr\n=0100.rep=2\models\230508_201642.multi_instance.n=160,100,0.4236146075400308,7.80913319018699,17.474867835965636,32.11056090189357,2.9651777011334275,7.167659230316758,0.014191247883923916,"Soybean (5-8 DAG, lateral)"
sample_efficiency_plantwise_split_soy_lr,sample_efficiency_plantwise_split_soy_lr\n=0200.rep=0\models\230508_203723.multi_instance.n=260,200,0.3595109820925752,6.467002472067677,13.823505972374148,31.62217519133206,2.481974912637637,6.562365805922043,0.018229684341091953,"Soybean (5-8 DAG, lateral)"
sample_efficiency_plantwise_split_soy_lr,sample_efficiency_plantwise_split_soy_lr\n=0200.rep=1\models\230508_210243.multi_instance.n=260,200,0.38737173769716254,6.996481315392779,15.396794431746901,39.44145685252094,2.832581759377464,7.4673783871273285,0.015637747116622892,"Soybean (5-8 DAG, lateral)"
sample_efficiency_plantwise_split_soy_lr,sample_efficiency_plantwise_split_soy_lr\n=0200.rep=2\models\230508_212234.multi_instance.n=260,200,0.35953068575451413,6.09840201138635,13.652364239417059,32.95650914670962,2.402107315329919,6.459684186662865,0.023444768034705347,"Soybean (5-8 DAG, lateral)"
sample_efficiency_plantwise_split_soy_lr,sample_efficiency_plantwise_split_soy_lr\n=0300.rep=0\models\230508_214037.multi_instance.n=360,300,0.3269200099481648,5.892285770154159,14.505618212321576,31.816587641286198,2.3818526969915492,6.088767650656827,0.022095447033775514,"Soybean (5-8 DAG, lateral)"
sample_efficiency_plantwise_split_soy_lr,sample_efficiency_plantwise_split_soy_lr\n=0300.rep=1\models\230508_215844.multi_instance.n=360,300,0.33527117119445,6.296921269964833,13.703410456388218,32.00833823692274,2.4430315413119894,6.290988405607522,0.02151669468232565,"Soybean (5-8 DAG, lateral)"
sample_efficiency_plantwise_split_soy_lr,sample_efficiency_plantwise_split_soy_lr\n=0300.rep=2\models\230508_221935.multi_instance.n=360,300,0.3331125714074194,7.156246516959697,15.788880710521612,31.24318081132147,2.543661715168971,6.104373044950719,0.02216610449793022,"Soybean (5-8 DAG, lateral)"
sample_efficiency_plantwise_split_soy_lr,sample_efficiency_plantwise_split_soy_lr\n=0400.rep=0\models\230508_224639.multi_instance.n=440,400,0.32326340948577376,5.634553883912122,13.625399089042936,31.415991358469803,2.354209960084174,6.101708340960164,0.02512127709355947,"Soybean (5-8 DAG, lateral)"
sample_efficiency_plantwise_split_soy_lr,sample_efficiency_plantwise_split_soy_lr\n=0400.rep=1\models\230508_231026.multi_instance.n=440,400,0.3370437551721908,7.5002616751915845,13.424718729961832,34.85807526768928,2.5894389785919714,6.823233799025885,0.02520046118183408,"Soybean (5-8 DAG, lateral)"
sample_efficiency_plantwise_split_soy_lr,sample_efficiency_plantwise_split_soy_lr\n=0400.rep=2\models\230508_233146.multi_instance.n=440,400,0.33757089602323487,6.328439721769787,15.7579694788346,33.45203249316673,2.6179428520200756,7.191620547465531,0.02202130071415547,"Soybean (5-8 DAG, lateral)"
sample_efficiency_plantwise_split_soy_pr,sample_efficiency_plantwise_split_soy_pr\n=0005.rep=0\models\230428_165438.multi_instance.n=176,5,5.455229083043309,13.673119395106786,17.456345427013492,32.42163094748437,6.980944862757754,6.866992450686546,0.0022002200220021992,"Soybean (5-8 DAG, primary)"
sample_efficiency_plantwise_split_soy_pr,sample_efficiency_plantwise_split_soy_pr\n=0005.rep=1\models\230428_170321.multi_instance.n=176,5,5.8897192305443555,15.228127432043332,20.306399982791717,27.26745989330616,7.064117934387821,6.1688830481539085,0.0029702970297029695,"Soybean (5-8 DAG, primary)"
sample_efficiency_plantwise_split_soy_pr,sample_efficiency_plantwise_split_soy_pr\n=0005.rep=2\models\230501_090057.multi_instance.n=176,5,5.5945952735361475,17.972091530769955,23.46603942963116,32.72619316401524,7.891117767818659,7.603861565201734,0.0023679867986798673,"Soybean (5-8 DAG, primary)"
sample_efficiency_plantwise_split_soy_pr,sample_efficiency_plantwise_split_soy_pr\n=0010.rep=0\models\230502_104706.multi_instance.n=181,10,3.432063337096151,11.310964967097615,14.51174262532481,20.308510042051175,5.108410402092376,4.829195433919024,0.0039603960396039604,"Soybean (5-8 DAG, primary)"
sample_efficiency_plantwise_split_soy_pr,sample_efficiency_plantwise_split_soy_pr\n=0010.rep=1\models\230502_120631.multi_instance.n=181,10,4.491038168653851,18.30421695703788,25.79072445052807,37.5211883479435,7.608503195759669,8.47914502024437,0.0029349363507779344,"Soybean (5-8 DAG, primary)"
sample_efficiency_plantwise_split_soy_pr,sample_efficiency_plantwise_split_soy_pr\n=0010.rep=2\models\230502_152452.multi_instance.n=181,10,4.471292972995916,14.301830094542664,18.67045282523332,31.096642694935568,6.394465953676507,7.662566517709219,0.0069702970297029695,"Soybean (5-8 DAG, primary)"
sample_efficiency_plantwise_split_soy_pr,sample_efficiency_plantwise_split_soy_pr\n=0020.rep=0\models\230502_155801.multi_instance.n=191,20,3.2595836490313066,12.6580060875306,16.759863616977224,33.92221408477147,5.297607903774151,6.3067701574158574,0.01261067332205663,"Soybean (5-8 DAG, primary)"
sample_efficiency_plantwise_split_soy_pr,sample_efficiency_plantwise_split_soy_pr\n=0020.rep=1\models\230502_161749.multi_instance.n=191,20,4.0201850935693,14.307455758818355,19.956587734476372,43.53873492645843,6.124493309887607,7.599510692868992,0.030197213090433574,"Soybean (5-8 DAG, primary)"
sample_efficiency_plantwise_split_soy_pr,sample_efficiency_plantwise_split_soy_pr\n=0020.rep=2\models\230502_164625.multi_instance.n=191,20,3.1874105906087173,14.139695093871968,22.402428623088696,41.89377424392042,6.168723429859228,8.219717233694865,0.007854285428542855,"Soybean (5-8 DAG, primary)"
sample_efficiency_plantwise_split_soy_pr,sample_efficiency_plantwise_split_soy_pr\n=0050.rep=0\models\230502_170613.multi_instance.n=221,50,2.9287523710239207,11.090212738871125,19.770481944155986,40.8299238075863,5.283767738511163,7.759094404808002,0.032299098703841164,"Soybean (5-8 DAG, primary)"
sample_efficiency_plantwise_split_soy_pr,sample_efficiency_plantwise_split_soy_pr\n=0050.rep=1\models\230502_171509.multi_instance.n=221,50,2.2638989815370123,8.795701808574425,13.046669060082639,29.314438962065843,4.107957773153905,6.013513122839176,0.06572979628072823,"Soybean (5-8 DAG, primary)"
sample_efficiency_plantwise_split_soy_pr,sample_efficiency_plantwise_split_soy_pr\n=0050.rep=2\models\230503_101349.multi_instance.n=221,50,2.241996195456211,10.207588312918956,15.479990683434169,40.77048058042554,4.544780666443671,7.126546611425192,0.07334981842513257,"Soybean (5-8 DAG, primary)"
sample_efficiency_plantwise_split_soy_pr,sample_efficiency_plantwise_split_soy_pr\n=0100.rep=0\models\230503_103315.multi_instance.n=271,100,1.8720214968373778,8.737578955570111,15.262157872823442,49.63060549771295,4.4278885316503835,8.674100274215247,0.09836409153030157,"Soybean (5-8 DAG, primary)"
sample_efficiency_plantwise_split_soy_pr,sample_efficiency_plantwise_split_soy_pr\n=0100.rep=0\models\230503_141120.multi_instance.n=271,100,1.9645997506418407,9.601783209064358,19.630558194429067,53.758809546526116,4.9211832535689854,9.462465558945674,0.11151334225441902,"Soybean (5-8 DAG, primary)"
sample_efficiency_plantwise_split_soy_pr,sample_efficiency_plantwise_split_soy_pr\n=0100.rep=1\models\230503_105039.multi_instance.n=271,100,2.1495400888172287,8.068257934376842,11.975319557183015,21.131917227976864,3.5561503714419804,4.291856206589985,0.1006728026818445,"Soybean (5-8 DAG, primary)"
sample_efficiency_plantwise_split_soy_pr,sample_efficiency_plantwise_split_soy_pr\n=0100.rep=1\models\230503_155742.multi_instance.n=271,100,2.266458433998552,8.433087590347203,12.590934469283678,25.456185872575457,3.8867236240202847,5.42127737132968,0.07060098848544603,"Soybean (5-8 DAG, primary)"
sample_efficiency_plantwise_split_soy_pr,sample_efficiency_plantwise_split_soy_pr\n=0100.rep=2\models\230503_110720.multi_instance.n=271,100,1.9550926466716798,6.969443768988941,11.368417328787997,22.89516329239565,3.330596591326077,4.453779437583231,0.12097879159829929,"Soybean (5-8 DAG, primary)"
sample_efficiency_plantwise_split_soy_pr,sample_efficiency_plantwise_split_soy_pr\n=0100.rep=2\models\230503_162908.multi_instance.n=271,100,1.9789028350761042,8.595350808830547,17.95833633519844,37.63637268787691,4.414414804274103,8.16835768558552,0.11854897818843992,"Soybean (5-8 DAG, primary)"
sample_efficiency_plantwise_split_soy_pr,sample_efficiency_plantwise_split_soy_pr\n=0200.rep=0\models\230504_095958.multi_instance.n=371,200,1.6380866655344326,7.530156639420547,11.711049050838994,49.84325304286899,3.8155804829381466,8.481100809061624,0.14755317651185712,"Soybean (5-8 DAG, primary)"
sample_efficiency_plantwise_split_soy_pr,sample_efficiency_plantwise_split_soy_pr\n=0200.rep=1\models\230504_142001.multi_instance.n=371,200,1.745600330538458,6.590483232803787,11.236500243293678,23.37828810219861,3.164897803702081,4.972682047610175,0.14055915111322706,"Soybean (5-8 DAG, primary)"
sample_efficiency_plantwise_split_soy_pr,sample_efficiency_plantwise_split_soy_pr\n=0200.rep=2\models\230504_152703.multi_instance.n=371,200,1.6104959849581313,7.083226267261159,12.087992713914364,63.851086017718416,3.983652957038137,9.723226190759078,0.17189365756062713,"Soybean (5-8 DAG, primary)"
sample_efficiency_plantwise_split_soy_pr,sample_efficiency_plantwise_split_soy_pr\n=0400.rep=0\models\230504_165007.multi_instance.n=571,400,1.7946635502645099,6.778486305012076,8.688864565181516,17.65709320318335,2.8754473583633424,3.397485991504552,0.15691686986770106,"Soybean (5-8 DAG, primary)"
sample_efficiency_plantwise_split_soy_pr,sample_efficiency_plantwise_split_soy_pr\n=0400.rep=1\models\230504_171222.multi_instance.n=571,400,1.6697605448076889,7.732198750147078,11.960186000121954,22.114591883232087,3.20783009688783,4.399055798695069,0.18070629983754768,"Soybean (5-8 DAG, primary)"
sample_efficiency_plantwise_split_soy_pr,sample_efficiency_plantwise_split_soy_pr\n=0400.rep=2\models\230504_233827.multi_instance.n=571,400,1.2913378094586847,6.820595561197975,10.805192618895484,32.78763698292184,3.125011022354399,5.804648985240352,0.2383736159252124,"Soybean (5-8 DAG, primary)"
sample_efficiency_plantwise_split_soy_pr,sample_efficiency_plantwise_split_soy_pr\n=0600.rep=0\models\230505_123418.multi_instance.n=771,600,1.4804498670383572,6.251220955289435,8.825803166668203,17.033275580146555,2.6119087986982787,3.360412987823759,0.20978665719751194,"Soybean (5-8 DAG, primary)"
sample_efficiency_plantwise_split_soy_pr,sample_efficiency_plantwise_split_soy_pr\n=0600.rep=1\models\230505_131551.multi_instance.n=771,600,1.495131929991311,6.167285073881603,8.23653850453058,16.199685087389405,2.581590320100916,3.289764167269064,0.17785108013182901,"Soybean (5-8 DAG, primary)"
sample_efficiency_plantwise_split_soy_pr,sample_efficiency_plantwise_split_soy_pr\n=0600.rep=2\models\230508_095801.multi_instance.n=771,600,1.5495274230269926,6.453429697725119,9.726309508423709,18.39916808465933,2.8339684088232606,3.6318653689996965,0.17605407248731347,"Soybean (5-8 DAG, primary)"
sample_efficiency_plantwise_split_soy_pr,sample_efficiency_plantwise_split_soy_pr\n=0800.rep=0\models\230508_103830.multi_instance.n=971,800,1.4406918917032108,6.179887938062634,9.587871607290293,27.45854519925541,2.9885858731855914,5.334090457887255,0.22267868668834354,"Soybean (5-8 DAG, primary)"
sample_efficiency_plantwise_split_soy_pr,sample_efficiency_plantwise_split_soy_pr\n=0800.rep=1\models\230508_110318.multi_instance.n=971,800,1.7120502841808178,6.58228726069253,10.44918314033649,17.428521264087816,2.8566595409794497,3.622675499064761,0.16064051730909704,"Soybean (5-8 DAG, primary)"
sample_efficiency_plantwise_split_soy_pr,sample_efficiency_plantwise_split_soy_pr\n=0800.rep=2\models\230508_111941.multi_instance.n=971,800,1.52958199416402,7.17524183652672,9.696946166524311,18.64773835672718,2.845954033683688,3.6027341050935213,0.19456731092819207,"Soybean (5-8 DAG, primary)"
sample_efficiency_plantwise_split_soy_pr,sample_efficiency_plantwise_split_soy_pr\n=1000.rep=0\models\230508_113848.multi_instance.n=1171,1000,1.377664921240016,6.277830535743913,9.236975547060757,17.549449752345485,2.6502780998717426,3.5097030052083302,0.1933532796862904,"Soybean (5-8 DAG, primary)"
sample_efficiency_plantwise_split_soy_pr,sample_efficiency_plantwise_split_soy_pr\n=1000.rep=1\models\230508_115911.multi_instance.n=1171,1000,1.575111817730765,6.561538494968285,11.445046907089148,20.611292585406545,3.020120297292613,4.267564955322704,0.17483811784923103,"Soybean (5-8 DAG, primary)"
sample_efficiency_plantwise_split_soy_pr,sample_efficiency_plantwise_split_soy_pr\n=1000.rep=2\models\230508_122222.multi_instance.n=1171,1000,1.5451788732492329,6.042688599220864,8.72534724458224,15.906619556668948,2.5657716343614982,3.227463480967976,0.20172277175474396,"Soybean (5-8 DAG, primary)"
sample_efficiency_plantwise_split_soy_pr,sample_efficiency_plantwise_split_soy_pr\n=1200.rep=0\models\230508_124427.multi_instance.n=1276,1200,1.5211678273450508,6.054480374605454,8.632856073785748,17.58354837301485,2.693358657272435,3.4967951841310687,0.20253768082831572,"Soybean (5-8 DAG, primary)"
sample_efficiency_plantwise_split_soy_pr,sample_efficiency_plantwise_split_soy_pr\n=1200.rep=1\models\230508_131017.multi_instance.n=1276,1200,1.5741173971424514,6.872400590885636,10.613994612114107,19.79741927658151,2.8850634417363734,3.9227227591782827,0.1852816964318734,"Soybean (5-8 DAG, primary)"
sample_efficiency_plantwise_split_soy_pr,sample_efficiency_plantwise_split_soy_pr\n=1200.rep=2\models\230508_133628.multi_instance.n=1276,1200,1.6982671097962143,6.861419750420335,9.89641651580578,17.451803827455993,2.8468350635025845,3.5744699549352767,0.18801235835903315,"Soybean (5-8 DAG, primary)"
sample_efficiency_plantwise_split_arabidopsis_7dap_lr,sample_efficiency_plantwise_split_arabidopsis_7dap_lr\n=0005.rep=0\models\230619_160454.multi_instance.n=36,5,4.670473560807511,12.173646936818205,13.733589359051548,18.20390537900738,5.820362523709892,4.195166506821572,0.0,"Arabidopsis (7 DAG, lateral)"
sample_efficiency_plantwise_split_arabidopsis_7dap_lr,sample_efficiency_plantwise_split_arabidopsis_7dap_lr\n=0005.rep=1\models\230619_161155.multi_instance.n=36,5,3.1325241093798613,7.826994270989402,9.063860669071671,12.978810403838263,3.914282614318283,2.9173165581297438,0.0,"Arabidopsis (7 DAG, lateral)"
sample_efficiency_plantwise_split_arabidopsis_7dap_lr,sample_efficiency_plantwise_split_arabidopsis_7dap_lr\n=0005.rep=2\models\230619_161926.multi_instance.n=36,5,3.655861176890835,8.496643359444844,11.224227162393248,13.803494519719047,4.355463915959082,3.2061814980585526,0.0,"Arabidopsis (7 DAG, lateral)"
sample_efficiency_plantwise_split_arabidopsis_7dap_lr,sample_efficiency_plantwise_split_arabidopsis_7dap_lr\n=0010.rep=0\models\230619_162658.multi_instance.n=41,10,3.93614465163881,8.095515220687952,10.335479091322464,15.085331416164541,4.599766044042941,3.022355908893512,0.0,"Arabidopsis (7 DAG, lateral)"
sample_efficiency_plantwise_split_arabidopsis_7dap_lr,sample_efficiency_plantwise_split_arabidopsis_7dap_lr\n=0010.rep=1\models\230619_163355.multi_instance.n=41,10,3.3915425675743767,7.711955414262811,8.90511246364941,11.415537514245987,3.940066376673883,2.6982427380701464,0.0,"Arabidopsis (7 DAG, lateral)"
sample_efficiency_plantwise_split_arabidopsis_7dap_lr,sample_efficiency_plantwise_split_arabidopsis_7dap_lr\n=0010.rep=2\models\230619_164018.multi_instance.n=41,10,2.7994817825218936,6.668471629165903,8.712233125353308,10.263759904912739,3.3689117124832175,2.471556385695642,0.0,"Arabidopsis (7 DAG, lateral)"
sample_efficiency_plantwise_split_arabidopsis_7dap_lr,sample_efficiency_plantwise_split_arabidopsis_7dap_lr\n=0020.rep=0\models\230619_164726.multi_instance.n=51,20,2.934407826767827,8.903817444981158,11.226178546300726,16.848291540576213,4.104598962894586,3.7320352733530613,0.0,"Arabidopsis (7 DAG, lateral)"
sample_efficiency_plantwise_split_arabidopsis_7dap_lr,sample_efficiency_plantwise_split_arabidopsis_7dap_lr\n=0020.rep=1\models\230619_165358.multi_instance.n=51,20,2.1569236239620952,7.05054567896541,8.794251730488801,12.806144770084025,3.103527958702625,2.8357837553153957,0.0,"Arabidopsis (7 DAG, lateral)"
sample_efficiency_plantwise_split_arabidopsis_7dap_lr,sample_efficiency_plantwise_split_arabidopsis_7dap_lr\n=0020.rep=2\models\230619_170153.multi_instance.n=51,20,2.1342733899473405,6.975303829891766,8.992455054659215,15.608415214964765,3.052888353694806,3.0896825437725566,0.0,"Arabidopsis (7 DAG, lateral)"
sample_efficiency_plantwise_split_arabidopsis_7dap_lr,sample_efficiency_plantwise_split_arabidopsis_7dap_lr\n=0050.rep=0\models\230619_170828.multi_instance.n=81,50,2.215839283157263,5.999458887148756,8.04588417602456,11.263212188065145,2.9670272465100065,2.5281264346702192,0.0,"Arabidopsis (7 DAG, lateral)"
sample_efficiency_plantwise_split_arabidopsis_7dap_lr,sample_efficiency_plantwise_split_arabidopsis_7dap_lr\n=0050.rep=1\models\230619_171717.multi_instance.n=81,50,1.2016909319185827,6.323840772253538,8.046122900439347,13.387907979493892,2.420184932556344,2.801103186355714,0.0,"Arabidopsis (7 DAG, lateral)"
sample_efficiency_plantwise_split_arabidopsis_7dap_lr,sample_efficiency_plantwise_split_arabidopsis_7dap_lr\n=0050.rep=2\models\230619_172603.multi_instance.n=81,50,1.4744494417338414,6.043391647850751,8.4473089595552,13.161152374441146,2.449063282507057,2.7504314196425463,0.0,"Arabidopsis (7 DAG, lateral)"
sample_efficiency_plantwise_split_arabidopsis_7dap_lr,sample_efficiency_plantwise_split_arabidopsis_7dap_lr\n=0100.rep=0\models\230619_173354.multi_instance.n=131,100,0.9570184890462274,5.446394023310232,8.760546722282028,13.412536702023482,2.093229828046939,2.853593989128536,0.0006600660066006601,"Arabidopsis (7 DAG, lateral)"
sample_efficiency_plantwise_split_arabidopsis_7dap_lr,sample_efficiency_plantwise_split_arabidopsis_7dap_lr\n=0100.rep=1\models\230619_174117.multi_instance.n=131,100,0.9425662270085315,5.408414285753903,7.00359804595263,11.986440444282408,2.0754799112216573,2.6288842986222876,0.00012376237623762376,"Arabidopsis (7 DAG, lateral)"
sample_efficiency_plantwise_split_arabidopsis_7dap_lr,sample_efficiency_plantwise_split_arabidopsis_7dap_lr\n=0100.rep=2\models\230619_175239.multi_instance.n=131,100,1.0320041725223643,5.4612779223079855,7.397307524900535,10.971294930984907,2.0829836758776654,2.5588395323881263,0.0011881188118811883,"Arabidopsis (7 DAG, lateral)"
sample_efficiency_plantwise_split_arabidopsis_7dap_lr,sample_efficiency_plantwise_split_arabidopsis_7dap_lr\n=0150.rep=0\models\230619_180437.multi_instance.n=181,150,0.6875167786311339,4.0156629308894685,5.678739783979855,11.133652093784143,1.454818575894098,2.145000509045399,0.0005261395704787869,"Arabidopsis (7 DAG, lateral)"
sample_efficiency_plantwise_split_arabidopsis_7dap_lr,sample_efficiency_plantwise_split_arabidopsis_7dap_lr\n=0150.rep=1\models\230619_182022.multi_instance.n=181,150,0.7133733819946124,5.291338999599823,7.252900270681261,12.395665821421732,1.931378699713257,2.6341987720423043,0.000758132956152758,"Arabidopsis (7 DAG, lateral)"
sample_efficiency_plantwise_split_arabidopsis_7dap_lr,sample_efficiency_plantwise_split_arabidopsis_7dap_lr\n=0150.rep=2\models\230619_183349.multi_instance.n=181,150,0.7496767312833372,5.670045580209979,8.777642301756687,13.572195540799202,2.040500841772792,2.975222030934241,0.00044004400440044003,"Arabidopsis (7 DAG, lateral)"
sample_efficiency_plantwise_split_arabidopsis_7dap_lr,sample_efficiency_plantwise_split_arabidopsis_7dap_lr\n=0200.rep=0\models\230619_184642.multi_instance.n=231,200,0.7354669312477266,4.882392186508486,6.315033107277896,9.433002727042163,1.6514776967678433,2.271153304534577,0.0,"Arabidopsis (7 DAG, lateral)"
sample_efficiency_plantwise_split_arabidopsis_7dap_lr,sample_efficiency_plantwise_split_arabidopsis_7dap_lr\n=0200.rep=1\models\230619_190054.multi_instance.n=231,200,0.7620967903642193,5.5420032087225035,7.974517427230994,13.908658684804411,1.9949733838658683,2.8444627528778654,0.00024752475247524753,"Arabidopsis (7 DAG, lateral)"
sample_efficiency_plantwise_split_arabidopsis_7dap_lr,sample_efficiency_plantwise_split_arabidopsis_7dap_lr\n=0200.rep=2\models\230619_191342.multi_instance.n=231,200,0.7904248562179073,5.671698130488581,8.282526753816617,14.732880969274769,2.0380541092788467,3.0316456635198907,0.0007860786078607861,"Arabidopsis (7 DAG, lateral)"
sample_efficiency_plantwise_split_arabidopsis_7dap_lr,sample_efficiency_plantwise_split_arabidopsis_7dap_lr\n=0250.rep=0\models\230619_193255.multi_instance.n=249,250,0.7251029320696774,6.019246256987445,9.649204087416315,13.929909130442635,2.0127482003351056,3.040064113979522,0.001419141914191419,"Arabidopsis (7 DAG, lateral)"
sample_efficiency_plantwise_split_arabidopsis_7dap_lr,sample_efficiency_plantwise_split_arabidopsis_7dap_lr\n=0250.rep=1\models\230619_195021.multi_instance.n=249,250,0.6602580331361909,3.616539493049193,6.223299265934626,9.042544243538606,1.394301207335719,2.0466084748399824,0.0015579499126383229,"Arabidopsis (7 DAG, lateral)"
sample_efficiency_plantwise_split_arabidopsis_7dap_lr,sample_efficiency_plantwise_split_arabidopsis_7dap_lr\n=0250.rep=2\models\230619_200249.multi_instance.n=249,250,0.5884702499030446,3.085631402157763,5.52609464664625,10.947540528340882,1.352221052737911,2.0039612798547637,0.00039603960396039607,"Arabidopsis (7 DAG, lateral)"
sample_efficiency_plantwise_split_arabidopsis_7dap_pr,sample_efficiency_plantwise_split_arabidopsis_7dap_pr\n=0002.rep=0\models\230619_125209.multi_instance.n=6,2,5.942121609985352,13.881929398338533,15.379066777100041,15.761289102777663,6.586417894862624,4.383977619197846,0.0,"Arabidopsis (7 DAG, primary)"
sample_efficiency_plantwise_split_arabidopsis_7dap_pr,sample_efficiency_plantwise_split_arabidopsis_7dap_pr\n=0002.rep=1\models\230619_125828.multi_instance.n=6,2,1.5390392169651954,7.145073520511327,8.031133480527053,8.998091222453075,2.692018549343914,2.475436329279577,0.0,"Arabidopsis (7 DAG, primary)"
sample_efficiency_plantwise_split_arabidopsis_7dap_pr,sample_efficiency_plantwise_split_arabidopsis_7dap_pr\n=0002.rep=2\models\230619_130448.multi_instance.n=6,2,12.821720073051578,25.48035868527988,28.365900036918283,36.16958047211176,13.486166599234023,8.975309253987923,0.0,"Arabidopsis (7 DAG, primary)"
sample_efficiency_plantwise_split_arabidopsis_7dap_pr,sample_efficiency_plantwise_split_arabidopsis_7dap_pr\n=0004.rep=0\models\230619_131107.multi_instance.n=8,4,5.614345826708657,16.504526885367486,17.688266780066193,17.919982961121654,7.433128579404401,5.649150393339675,0.0,"Arabidopsis (7 DAG, primary)"
sample_efficiency_plantwise_split_arabidopsis_7dap_pr,sample_efficiency_plantwise_split_arabidopsis_7dap_pr\n=0004.rep=1\models\230619_131731.multi_instance.n=8,4,1.6558241097723936,4.632162629844168,5.324309440617361,6.726810136375833,2.140193845066054,1.6808850706692755,0.0,"Arabidopsis (7 DAG, primary)"
sample_efficiency_plantwise_split_arabidopsis_7dap_pr,sample_efficiency_plantwise_split_arabidopsis_7dap_pr\n=0004.rep=2\models\230619_132341.multi_instance.n=8,4,4.655006627126944,10.618869520767475,13.434065964082363,17.123191433627635,5.715264145433459,4.039916939832844,0.0,"Arabidopsis (7 DAG, primary)"
sample_efficiency_plantwise_split_arabidopsis_7dap_pr,sample_efficiency_plantwise_split_arabidopsis_7dap_pr\n=0008.rep=0\models\230619_133009.multi_instance.n=12,8,2.7746557627985156,5.48664773762579,5.7902868030455075,7.147902422738588,3.1942353112013033,1.813926481553403,0.0,"Arabidopsis (7 DAG, primary)"
sample_efficiency_plantwise_split_arabidopsis_7dap_pr,sample_efficiency_plantwise_split_arabidopsis_7dap_pr\n=0008.rep=1\models\230619_133535.multi_instance.n=12,8,1.259039576286244,2.7053022140932694,2.967467781478834,3.5541864025163967,1.4640963261393227,0.8795235351496924,0.0,"Arabidopsis (7 DAG, primary)"
sample_efficiency_plantwise_split_arabidopsis_7dap_pr,sample_efficiency_plantwise_split_arabidopsis_7dap_pr\n=0008.rep=2\models\230619_134129.multi_instance.n=12,8,1.2838589971563357,4.058542049137523,4.549706602154991,6.405986911777219,1.861823810923846,1.5558367906183999,0.0,"Arabidopsis (7 DAG, primary)"
sample_efficiency_plantwise_split_arabidopsis_7dap_pr,sample_efficiency_plantwise_split_arabidopsis_7dap_pr\n=0016.rep=0\models\230619_134753.multi_instance.n=20,16,1.4702330708460234,3.6427413615281563,4.2787004451247075,4.388499286493442,1.736847944484497,1.1304399564457102,0.0,"Arabidopsis (7 DAG, primary)"
sample_efficiency_plantwise_split_arabidopsis_7dap_pr,sample_efficiency_plantwise_split_arabidopsis_7dap_pr\n=0016.rep=1\models\230619_135412.multi_instance.n=20,16,1.258111753844647,2.477959687153979,2.720184857705296,3.050806853062524,1.3704152131114178,0.820563309691078,0.0,"Arabidopsis (7 DAG, primary)"
sample_efficiency_plantwise_split_arabidopsis_7dap_pr,sample_efficiency_plantwise_split_arabidopsis_7dap_pr\n=0016.rep=2\models\230619_140004.multi_instance.n=20,16,1.367325086349474,2.6597416624252777,3.143759236294289,3.2142528741649987,1.4375850792852454,0.7859984969083634,0.0,"Arabidopsis (7 DAG, primary)"
sample_efficiency_plantwise_split_arabidopsis_7dap_pr,sample_efficiency_plantwise_split_arabidopsis_7dap_pr\n=0032.rep=0\models\230619_140621.multi_instance.n=36,32,1.2852165217311546,2.7479811839989963,2.895182179012836,3.8526863961682043,1.416315018315157,0.9322387125139197,0.0,"Arabidopsis (7 DAG, primary)"
sample_efficiency_plantwise_split_arabidopsis_7dap_pr,sample_efficiency_plantwise_split_arabidopsis_7dap_pr\n=0032.rep=1\models\230619_141238.multi_instance.n=36,32,1.0579104824325134,2.3571938280295535,3.506136388844875,4.50912010683896,1.3299443746838964,1.0234092617225532,0.0,"Arabidopsis (7 DAG, primary)"
sample_efficiency_plantwise_split_arabidopsis_7dap_pr,sample_efficiency_plantwise_split_arabidopsis_7dap_pr\n=0032.rep=2\models\230619_141920.multi_instance.n=36,32,1.1821301432758344,2.6802217428694757,3.2962725371679893,4.344460273178765,1.382681466874154,1.0444933911894214,0.0,"Arabidopsis (7 DAG, primary)"
sample_efficiency_plantwise_split_arabidopsis_7dap_pr,sample_efficiency_plantwise_split_arabidopsis_7dap_pr\n=0040.rep=0\models\230619_142559.multi_instance.n=43,40,1.0654529269467035,2.0704357538049645,2.3964723767787794,3.1357017276972874,1.1427284978440502,0.7022308529233925,0.0,"Arabidopsis (7 DAG, primary)"
sample_efficiency_plantwise_split_arabidopsis_7dap_pr,sample_efficiency_plantwise_split_arabidopsis_7dap_pr\n=0040.rep=1\models\230619_143245.multi_instance.n=43,40,1.026236150680589,2.5901971606639327,2.7854473892299487,3.749146909801754,1.2660105842724982,0.9212064691335735,0.03366336633663366,"Arabidopsis (7 DAG, primary)"
sample_efficiency_plantwise_split_arabidopsis_7dap_pr,sample_efficiency_plantwise_split_arabidopsis_7dap_pr\n=0040.rep=2\models\230619_143935.multi_instance.n=43,40,1.1337327492359224,2.7340301499926403,2.8559756580932816,4.074044822406478,1.3671073098577993,0.9606065541303491,0.0,"Arabidopsis (7 DAG, primary)"
sample_efficiency_plantwise_split_arabidopsis_7dap_pr,sample_efficiency_plantwise_split_arabidopsis_7dap_pr\n=0044.rep=0\models\230619_144650.multi_instance.n=43,44,1.0421086343934787,2.702594732151737,3.627739021110247,4.609824478661959,1.3240880335426954,1.0901196795341483,0.008415841584158416,"Arabidopsis (7 DAG, primary)"
sample_efficiency_plantwise_split_arabidopsis_7dap_pr,sample_efficiency_plantwise_split_arabidopsis_7dap_pr\n=0044.rep=1\models\230619_145404.multi_instance.n=43,44,1.2520146276489972,3.1031576032941337,3.8379762210868824,4.360560851716931,1.507991903899635,1.1135438489384606,0.0,"Arabidopsis (7 DAG, primary)"
sample_efficiency_plantwise_split_arabidopsis_7dap_pr,sample_efficiency_plantwise_split_arabidopsis_7dap_pr\n=0044.rep=2\models\230619_150029.multi_instance.n=43,44,1.2830937763511354,2.5710777278703563,2.71307048624282,3.0535494739958917,1.291717839010502,0.8372532332424364,0.016831683168316826,"Arabidopsis (7 DAG, primary)"
sample_efficiency_plantwise_split_canola_lr,sample_efficiency_plantwise_split_canola_lr\n=0005.rep=0\models\230510_083331.multi_instance.n=63,5,3.6061797441776333,19.137269030655347,24.83986935770231,43.15210383423402,7.714648931224512,9.451876444444869,0.0,"Canola (5-13 DAG, lateral)"
sample_efficiency_plantwise_split_canola_lr,sample_efficiency_plantwise_split_canola_lr\n=0005.rep=1\models\230510_084035.multi_instance.n=63,5,0.9024946948045347,15.362292784641577,24.879071493573964,38.37031826459702,4.636604961024936,8.487674014527725,0.00015232292460015234,"Canola (5-13 DAG, lateral)"
sample_efficiency_plantwise_split_canola_lr,sample_efficiency_plantwise_split_canola_lr\n=0005.rep=2\models\230510_085211.multi_instance.n=63,5,4.41184012568154,23.439445232605657,31.94899987792538,42.09056871496904,8.57465232588844,10.10914348696852,0.0,"Canola (5-13 DAG, lateral)"
sample_efficiency_plantwise_split_canola_lr,sample_efficiency_plantwise_split_canola_lr\n=0010.rep=0\models\230510_085913.multi_instance.n=68,10,1.0453616923410043,20.115099321462722,31.003272726631685,40.90084393207199,6.3922028185178705,10.094126601638063,4.7908016608112424e-05,"Canola (5-13 DAG, lateral)"
sample_efficiency_plantwise_split_canola_lr,sample_efficiency_plantwise_split_canola_lr\n=0010.rep=1\models\230510_090724.multi_instance.n=68,10,1.1892884679608788,22.164526463517017,29.973708229435864,47.71791890667623,6.345720736881408,10.475797426020975,0.0016852839130066855,"Canola (5-13 DAG, lateral)"
sample_efficiency_plantwise_split_canola_lr,sample_efficiency_plantwise_split_canola_lr\n=0010.rep=2\models\230510_091837.multi_instance.n=68,10,1.8395413524213875,26.372123718113066,33.381511096675794,47.17543554391117,8.034277418612746,11.749843391125365,0.00022002200220022002,"Canola (5-13 DAG, lateral)"
sample_efficiency_plantwise_split_canola_lr,sample_efficiency_plantwise_split_canola_lr\n=0020.rep=0\models\230510_092621.multi_instance.n=78,20,1.1313132479890549,20.790296195106315,32.00346446504604,43.99893416128083,6.3006757474916455,10.271618816538645,7.616146230007617e-05,"Canola (5-13 DAG, lateral)"
sample_efficiency_plantwise_split_canola_lr,sample_efficiency_plantwise_split_canola_lr\n=0020.rep=1\models\230510_093256.multi_instance.n=78,20,1.2502823576218305,21.981906357279495,30.125318236342512,47.59508650655612,6.665145845805626,10.994944303325367,0.0002701665515388748,"Canola (5-13 DAG, lateral)"
sample_efficiency_plantwise_split_canola_lr,sample_efficiency_plantwise_split_canola_lr\n=0020.rep=2\models\230510_094310.multi_instance.n=78,20,0.9656677357128871,20.393139809686524,30.218843792166368,43.537633966696475,5.939854248440406,9.890362257900287,0.0008263272447934449,"Canola (5-13 DAG, lateral)"
sample_efficiency_plantwise_split_canola_lr,sample_efficiency_plantwise_split_canola_lr\n=0050.rep=0\models\230510_095003.multi_instance.n=108,50,0.7314505814541736,16.791219870860843,24.16481975830377,36.333783890636774,4.665711358041328,8.299991823355763,0.0010572842998585572,"Canola (5-13 DAG, lateral)"
sample_efficiency_plantwise_split_canola_lr,sample_efficiency_plantwise_split_canola_lr\n=0050.rep=1\models\230510_100101.multi_instance.n=108,50,0.5988443183904185,16.2860315723405,23.262486481126583,41.20875315664409,4.681486789626541,8.653093689916904,0.0014474596379683438,"Canola (5-13 DAG, lateral)"
sample_efficiency_plantwise_split_canola_lr,sample_efficiency_plantwise_split_canola_lr\n=0050.rep=2\models\230510_100852.multi_instance.n=108,50,0.8435453115498895,18.51443156141573,28.404571253085123,43.99402735414811,5.3900549860564215,9.871732769405387,0.000673067306730673,"Canola (5-13 DAG, lateral)"
sample_efficiency_plantwise_split_canola_lr,sample_efficiency_plantwise_split_canola_lr\n=0100.rep=0\models\230510_101805.multi_instance.n=158,100,0.5303339061728806,16.412871185630596,27.033753851418393,40.74658137602109,4.786992745537217,9.360300566127512,0.001081532810031575,"Canola (5-13 DAG, lateral)"
sample_efficiency_plantwise_split_canola_lr,sample_efficiency_plantwise_split_canola_lr\n=0100.rep=1\models\230510_102913.multi_instance.n=158,100,0.627574706336999,21.123637540319965,29.116804064733312,48.19048098061298,5.625296157772777,10.223186133059729,0.0014922008375854252,"Canola (5-13 DAG, lateral)"
sample_efficiency_plantwise_split_canola_lr,sample_efficiency_plantwise_split_canola_lr\n=0100.rep=2\models\230510_104056.multi_instance.n=158,100,0.6496084597172913,17.080883107541773,25.31563356828181,40.918478267948664,5.159002382684281,9.062841233487827,0.003496255850387958,"Canola (5-13 DAG, lateral)"
sample_efficiency_plantwise_split_canola_lr,sample_efficiency_plantwise_split_canola_lr\n=0200.rep=0\models\230510_105209.multi_instance.n=258,200,0.5253412514355309,14.776020734139983,25.068013157011617,43.76399194536282,4.514015044639283,8.862109418860245,0.001718560672354463,"Canola (5-13 DAG, lateral)"
sample_efficiency_plantwise_split_canola_lr,sample_efficiency_plantwise_split_canola_lr\n=0200.rep=1\models\230510_110444.multi_instance.n=258,200,0.3906370570456392,11.210664057355697,21.97837358831011,41.35188427220793,3.7284770527508244,8.10498653133636,0.0030241580030881464,"Canola (5-13 DAG, lateral)"
sample_efficiency_plantwise_split_canola_lr,sample_efficiency_plantwise_split_canola_lr\n=0200.rep=2\models\230510_111500.multi_instance.n=258,200,0.44637494151496115,13.43363185547165,24.03031568326933,43.509185630335175,4.006874298747082,8.699073275206374,0.005566725980404869,"Canola (5-13 DAG, lateral)"
sample_efficiency_plantwise_split_canola_lr,sample_efficiency_plantwise_split_canola_lr\n=0300.rep=0\models\230510_112831.multi_instance.n=350,300,0.4144952366318949,16.00955897840708,24.6823740473202,43.35227270178684,4.316880611626899,8.955489241743557,0.003450797257383079,"Canola (5-13 DAG, lateral)"
sample_efficiency_plantwise_split_canola_lr,sample_efficiency_plantwise_split_canola_lr\n=0300.rep=1\models\230510_113756.multi_instance.n=350,300,0.4096606989229132,14.27060886643966,23.575595282243032,42.23716231945805,3.9456158650494,8.580749888036399,0.0030972944705994015,"Canola (5-13 DAG, lateral)"
sample_efficiency_plantwise_split_canola_lr,sample_efficiency_plantwise_split_canola_lr\n=0300.rep=2\models\230510_115719.multi_instance.n=350,300,0.3812832387276099,11.533576218457643,21.919278438791984,43.69558332694612,3.7362606855952785,8.270203342083457,0.007620036697181815,"Canola (5-13 DAG, lateral)"
sample_efficiency_plantwise_split_canola_pr,sample_efficiency_plantwise_split_canola_pr\n=0005.rep=0\models\230509_185644.multi_instance.n=45,5,2.235098060910356,6.301070827588215,9.015604456516716,14.159579990655228,2.9886410707153668,3.050162254530768,0.03155004576087861,"Canola (5-13 DAG, primary)"
sample_efficiency_plantwise_split_canola_pr,sample_efficiency_plantwise_split_canola_pr\n=0005.rep=1\models\230509_190431.multi_instance.n=45,5,2.2311696072749387,5.065793468780962,9.967305885062741,16.752118502324166,2.907301801303897,3.152103059350619,0.0029702970297029703,"Canola (5-13 DAG, primary)"
sample_efficiency_plantwise_split_canola_pr,sample_efficiency_plantwise_split_canola_pr\n=0005.rep=2\models\230509_191147.multi_instance.n=45,5,2.1681357052884405,5.748255238244294,7.004726083817294,16.123029209479746,2.8210389527854436,2.803156348464901,0.01807994713498499,"Canola (5-13 DAG, primary)"
sample_efficiency_plantwise_split_canola_pr,sample_efficiency_plantwise_split_canola_pr\n=0010.rep=0\models\230509_192112.multi_instance.n=50,10,1.5906578605125676,6.187430290759913,10.148014895038834,57.2417765605676,4.387601927668066,10.637140695070082,0.09282002747786092,"Canola (5-13 DAG, primary)"
sample_efficiency_plantwise_split_canola_pr,sample_efficiency_plantwise_split_canola_pr\n=0010.rep=1\models\230509_193246.multi_instance.n=50,10,1.504234529692437,3.8744863450165306,4.759837170321323,6.0756008938060955,1.8486309589675842,1.4506285794499922,0.04856335633563356,"Canola (5-13 DAG, primary)"
sample_efficiency_plantwise_split_canola_pr,sample_efficiency_plantwise_split_canola_pr\n=0010.rep=2\models\230509_193943.multi_instance.n=50,10,1.3129316840080294,4.528448405055862,7.334826161246321,41.422214483073304,2.9857310722149633,6.88284679857838,0.10156925146296142,"Canola (5-13 DAG, primary)"
sample_efficiency_plantwise_split_canola_pr,sample_efficiency_plantwise_split_canola_pr\n=0020.rep=0\models\230509_194612.multi_instance.n=60,20,1.926449779287749,4.2945167315087565,4.658794391647945,5.103204289132807,2.128266329547047,1.4003488783560496,0.048277934936350776,"Canola (5-13 DAG, primary)"
sample_efficiency_plantwise_split_canola_pr,sample_efficiency_plantwise_split_canola_pr\n=0020.rep=1\models\230509_195236.multi_instance.n=60,20,2.20104207989102,4.5606767131233275,5.061051040908077,6.977779029982505,2.3489549985871223,1.5916386107502116,0.02526166902404526,"Canola (5-13 DAG, primary)"
sample_efficiency_plantwise_split_canola_pr,sample_efficiency_plantwise_split_canola_pr\n=0020.rep=2\models\230509_195942.multi_instance.n=60,20,1.2776793514035027,3.0696240326061695,3.7316069131470937,5.655869386229298,1.663722234066298,1.2102562929191514,0.09173845956024174,"Canola (5-13 DAG, primary)"
sample_efficiency_plantwise_split_canola_pr,sample_efficiency_plantwise_split_canola_pr\n=0050.rep=0\models\230509_200554.multi_instance.n=90,50,1.641292180239603,3.786450633544786,4.322611176244107,6.3312662066715735,1.9251102237246338,1.3610651203936568,0.08422803387390256,"Canola (5-13 DAG, primary)"
sample_efficiency_plantwise_split_canola_pr,sample_efficiency_plantwise_split_canola_pr\n=0050.rep=1\models\230509_201449.multi_instance.n=90,50,1.1231713332668745,2.9588807591380815,3.4463934750687657,4.33015635583448,1.3319862347668285,0.9942169639701426,0.1694429250051517,"Canola (5-13 DAG, primary)"
sample_efficiency_plantwise_split_canola_pr,sample_efficiency_plantwise_split_canola_pr\n=0050.rep=2\models\230509_202639.multi_instance.n=90,50,1.3729301700999423,2.707469919753651,3.307129785516854,4.420401352485886,1.4718289551915256,0.9577179004157917,0.11586836315210468,"Canola (5-13 DAG, primary)"
sample_efficiency_plantwise_split_canola_pr,sample_efficiency_plantwise_split_canola_pr\n=0100.rep=0\models\230509_203554.multi_instance.n=140,100,1.1391360539774678,4.537027492774571,5.5795048125281665,7.089943251814831,1.7245266374981771,1.7064415432039244,0.25493217178860744,"Canola (5-13 DAG, primary)"
sample_efficiency_plantwise_split_canola_pr,sample_efficiency_plantwise_split_canola_pr\n=0100.rep=1\models\230509_204426.multi_instance.n=140,100,1.3154899085888911,4.31851609547551,5.683819364715596,7.185593645384981,1.8386959457370193,1.7038590380734937,0.17623890960524624,"Canola (5-13 DAG, primary)"
sample_efficiency_plantwise_split_canola_pr,sample_efficiency_plantwise_split_canola_pr\n=0100.rep=2\models\230509_205249.multi_instance.n=140,100,1.1282010257260708,2.680333570759402,3.1281518033439215,3.503540005264348,1.2889363036829653,0.9142517840818216,0.22593636286705593,"Canola (5-13 DAG, primary)"
sample_efficiency_plantwise_split_canola_pr,sample_efficiency_plantwise_split_canola_pr\n=0200.rep=0\models\230509_210057.multi_instance.n=240,200,1.056055468469468,2.2507380030640523,2.669488987645588,4.921742951280957,1.221663472351799,1.006135931411047,0.28353632910326043,"Canola (5-13 DAG, primary)"
sample_efficiency_plantwise_split_canola_pr,sample_efficiency_plantwise_split_canola_pr\n=0200.rep=1\models\230509_211701.multi_instance.n=240,200,1.1092913582786021,2.659950238379219,3.131733508546805,3.5715995672165604,1.3354663041116785,0.9485566610634322,0.23497285774574803,"Canola (5-13 DAG, primary)"
sample_efficiency_plantwise_split_canola_pr,sample_efficiency_plantwise_split_canola_pr\n=0200.rep=2\models\230509_213033.multi_instance.n=240,200,1.1227600118914365,2.679070836853999,3.216471138402501,3.948103460125393,1.263874820731479,0.9549375286408591,0.23360202790465381,"Canola (5-13 DAG, primary)"
sample_efficiency_plantwise_split_canola_pr,sample_efficiency_plantwise_split_canola_pr\n=0300.rep=0\models\230509_214417.multi_instance.n=302,300,0.8023505295428923,2.1635396989726012,2.6847138293498896,4.11381195748507,1.0300340344234258,0.851615824027266,0.3067860023579998,"Canola (5-13 DAG, primary)"
sample_efficiency_plantwise_split_canola_pr,sample_efficiency_plantwise_split_canola_pr\n=0300.rep=1\models\230509_215920.multi_instance.n=302,300,1.053365695669284,2.1973978463718122,2.540294154052764,3.646443116905755,1.14528825874031,0.827955168481028,0.2748699171159352,"Canola (5-13 DAG, primary)"
sample_efficiency_plantwise_split_canola_pr,sample_efficiency_plantwise_split_canola_pr\n=0300.rep=2\models\230509_221840.multi_instance.n=302,300,1.1121942721689237,2.5399232593183703,3.0066892147360016,3.4368548827641296,1.2495287014968486,0.9205705714686209,0.2555251577789358,"Canola (5-13 DAG, primary)"
